{
    "title": "Motivation and Course Overview",
    "course": "course",
    "lecture": "Lecture 1",
    "keywords": [
        "motivation",
        " scope",
        " requirements",
        " resources"
    ],
    "numberOfSlide": 40,
    "images": [
        {
            "alt": "Amazon EC2 Free Usage Tier",
            "url": "img/ec2-free-tier.png",
            "filename": "ec2-free-tier.png",
            "slideURL": "127.0.0.1:1338/data/slides/course/lecture1.html#/23",
            "type": "picture"
        },
        {
            "alt": "Cloud9 IDE",
            "url": "img/c9-ide-screenshot.png",
            "filename": "c9-ide-screenshot.png",
            "slideURL": "127.0.0.1:1338/data/slides/course/lecture1.html#/35",
            "type": "picture"
        }
    ],
    "codeBlocks": [
        {
            "slideURL": "127.0.0.1:1338/data/slides/course/lecture1.html#/35",
            "title": "Tasks from Lectures",
            "language": "Bash/shell"
        }
    ],
    "structure": {
        "index": [
            {
                "title": " Outline neni 4",
                "url": "127.0.0.1:1338/data/slides/course/lecture1.html#/2"
            },
            {
                "title": "Web Engineering Curriculla",
                "url": "127.0.0.1:1338/data/slides/course/lecture1.html#/3",
                "chapters": [
                    {
                        "title": "Web Engineering Curricula NoEdit",
                        "url": "127.0.0.1:1338/data/slides/course/lecture1.html#/4"
                    },
                    {
                        "title": "Bird's View",
                        "url": "127.0.0.1:1338/data/slides/course/lecture1.html#/5"
                    }
                ]
            },
            {
                "title": "Course at a Glance",
                "url": "127.0.0.1:1338/data/slides/course/lecture1.html#/6",
                "chapters": [
                    {
                        "title": "Motivation and Scope",
                        "url": "127.0.0.1:1338/data/slides/course/lecture1.html#/7",
                        "slides": [
                            {
                                "title": "Motivation in Brief",
                                "url": "127.0.0.1:1338/data/slides/course/lecture1.html#/8"
                            },
                            {
                                "title": "Spaghetti Architecture",
                                "url": "127.0.0.1:1338/data/slides/course/lecture1.html#/9"
                            },
                            {
                                "title": "SOA Architecture",
                                "url": "127.0.0.1:1338/data/slides/course/lecture1.html#/10"
                            },
                            {
                                "title": "REST Architecture",
                                "url": "127.0.0.1:1338/data/slides/course/lecture1.html#/11"
                            },
                            {
                                "title": "Good Performance  Traditional Solution",
                                "url": "127.0.0.1:1338/data/slides/course/lecture1.html#/12"
                            },
                            {
                                "title": "Good Performance  Cloud Solution",
                                "url": "127.0.0.1:1338/data/slides/course/lecture1.html#/13"
                            },
                            {
                                "title": "Scope",
                                "url": "127.0.0.1:1338/data/slides/course/lecture1.html#/14"
                            },
                            {
                                "title": "Big Picture",
                                "url": "127.0.0.1:1338/data/slides/course/lecture1.html#/15"
                            }
                        ]
                    },
                    {
                        "title": "Requirements and Organization",
                        "url": "127.0.0.1:1338/data/slides/course/lecture1.html#/16",
                        "slides": [
                            {
                                "title": "General Requirements",
                                "url": "127.0.0.1:1338/data/slides/course/lecture1.html#/17"
                            },
                            {
                                "title": "Organization of Lectures",
                                "url": "127.0.0.1:1338/data/slides/course/lecture1.html#/18"
                            },
                            {
                                "title": "Organization of Labs",
                                "url": "127.0.0.1:1338/data/slides/course/lecture1.html#/19"
                            },
                            {
                                "title": "Solution Architecture",
                                "url": "127.0.0.1:1338/data/slides/course/lecture1.html#/20"
                            },
                            {
                                "title": "Methodology for Lab Work",
                                "url": "127.0.0.1:1338/data/slides/course/lecture1.html#/21"
                            },
                            {
                                "title": "Methodology for Lab Work (cont.)",
                                "url": "127.0.0.1:1338/data/slides/course/lecture1.html#/22"
                            }
                        ]
                    },
                    {
                        "title": "Technologies/Development Platform",
                        "url": "127.0.0.1:1338/data/slides/course/lecture1.html#/23",
                        "slides": [
                            {
                                "title": "Development Platforms",
                                "url": "127.0.0.1:1338/data/slides/course/lecture1.html#/24"
                            },
                            {
                                "title": "Amazon EC2 Free Usage Tier",
                                "url": "127.0.0.1:1338/data/slides/course/lecture1.html#/25"
                            }
                        ]
                    }
                ]
            },
            {
                "title": "Assessment",
                "url": "127.0.0.1:1338/data/slides/course/lecture1.html#/26",
                "chapters": [
                    {
                        "title": "Assessment",
                        "url": "127.0.0.1:1338/data/slides/course/lecture1.html#/27"
                    },
                    {
                        "title": "Final Marks",
                        "url": "127.0.0.1:1338/data/slides/course/lecture1.html#/28"
                    },
                    {
                        "title": "Heading",
                        "url": "127.0.0.1:1338/data/slides/course/lecture1.html#/29"
                    }
                ]
            },
            {
                "title": "Communication and Resources",
                "url": "127.0.0.1:1338/data/slides/course/lecture1.html#/30",
                "chapters": [
                    {
                        "title": "Communication",
                        "url": "127.0.0.1:1338/data/slides/course/lecture1.html#/31"
                    },
                    {
                        "title": "Overview of Resources",
                        "url": "127.0.0.1:1338/data/slides/course/lecture1.html#/32"
                    },
                    {
                        "title": "About Slides",
                        "url": "127.0.0.1:1338/data/slides/course/lecture1.html#/33"
                    },
                    {
                        "title": "Heading",
                        "url": "127.0.0.1:1338/data/slides/course/lecture1.html#/34"
                    },
                    {
                        "title": "Use and Alter the Code",
                        "url": "127.0.0.1:1338/data/slides/course/lecture1.html#/35"
                    },
                    {
                        "title": "Tasks from Lectures",
                        "url": "127.0.0.1:1338/data/slides/course/lecture1.html#/36"
                    }
                ]
            },
            {
                "title": "FAQ",
                "url": "127.0.0.1:1338/data/slides/course/lecture1.html#/37",
                "chapters": [
                    {
                        "title": "Frequently Asked Questions",
                        "url": "127.0.0.1:1338/data/slides/course/lecture1.html#/38"
                    },
                    {
                        "title": "Frequently Asked Questions (cont.)",
                        "url": "127.0.0.1:1338/data/slides/course/lecture1.html#/39"
                    }
                ]
            }
        ]
    },
    "drawings": [],
    "github": []
}