{
    "server":{
        "runserver":true,
        "usedb":true,
        "webroot":"public",
        "domain":"http://localhost",
        "port" :1338,
        "db_uri": "mongodb://localhost/humla",
        "handlers_relative_path":"./handlers/",
        "models_relative_path":"./models/"
    },
    "plugins": [
            {"id":"slideindex", "enable":true, "src":"./server_ext/slideindex/slideindex_ext.js"},
            {"id":"atom", "enable":true, "src":"./server_ext/atom/atom_module_ext.js"},
            {"id":"editor", "enable":true, "src":"./server_ext/editor/editor_ext.js"},
            {"id":"facetparser", "enable":true, "src":"./server_ext/facet/facetparser_ext.js"},
            {"id":"facet", "enable":true, "src":"./server_ext/facet/facetengine_ext.js"},
            {"id":"microdata", "enable":true, "src":"./server_ext/microdata/microdataparser_ext.js"},
            {"id":"maintenance", "enable":true, "src":"./server_ext/maintenance/maintenance_lecture_ext.js"},
            {"id":"gbooks", "enable":true, "src":"./server_ext/gbooks/gbooks_ext.js"}
    ],
    "//":"Tady by to asi chtelo prihodit i jednotlive handlery a modely a u kazdeho zase 'enabled'",
    "handlers":[],
    "models":[]
}